,Name,Age
0,Sheena Davis,50
1,Joe Carter,86
2,Amy Singleton,51
3,Shelby Adkins,86
4,Robert Sloan,95
5,Shane Arias,96
6,Arthur Robertson,69
7,Anna Moss,94
8,Martin Doyle,87
9,Kimberly Kemp,50
10,David Brock,64
11,David Hunter,96
12,Ashley White,77
13,Paul Hunter,82
14,Christopher Hensley,58
15,James Wall,89
16,Cynthia Wilson,97
17,Cindy Perez,52
18,Donald Harris,59
19,Michael Delgado,100
20,Jeffery Adams,78
21,Lauren Chen,82
22,Jasmine George,91
23,Tina Anderson,93
24,Jeffrey Bernard,84
25,Amanda Johnson,78
26,Kelly Hood,100
27,Angela Grant,85
28,Sean Wilson,71
29,Lynn Walton,70
30,Kevin Collier,94
31,Nicole Kelley,98
32,Pamela Medina,68
33,Casey Massey,76
34,Ian Mccarthy,66
35,David Adkins,95
36,Jason George,53
37,Rebecca Cruz,60
38,Hannah Love,53
39,Robert King,83
40,Stephanie Blackburn,94
41,Linda Fritz,82
42,Tracy Johnson,74
43,Katherine Smith,91
44,Kathleen Haley,54
45,Pamela Daniels,62
46,Loretta Carroll,63
47,Emily Dawson,50
48,Judith Cantu,89
49,Christine Thomas,63
50,James Tate,67
51,Belinda Clark,59
52,Adam Shannon,62
53,Dylan Brown,73
54,Erin King,55
55,Wendy Little,92
56,Benjamin Robertson,97
57,Molly Bryant,62
58,Jaime Stewart,71
59,Theresa Mckenzie,91
60,Gregory Combs,58
61,Kimberly Shannon,85
62,John Krueger,73
63,Daniel Robinson,54
64,Amanda Campos,54
65,Beth Hernandez,61
66,Tiffany Harris,97
67,Richard Acosta,57
68,Charles Johnson MD,75
69,Haley Davies,59
70,Felicia Harris,80
71,Victor Becker,60
72,Heather Miller,90
73,Robin Vargas,78
74,Joyce Anderson,58
75,Thomas Castro,89
76,Molly Hernandez,75
77,Dr. Jeffrey Robertson,82
78,Hannah Small,96
79,Amy Ruiz,77
80,April Reese,50
81,Krista Mendoza,83
82,Emily Andrews,64
83,Richard Parrish,92
84,Todd Petersen,87
85,John Allison,81
86,Ronald Maldonado,77
87,Edward Tucker,70
88,Mary Jordan,65
89,Sabrina Medina,84
90,Christopher Harmon,67
91,Tracy Adams,68
92,Frank Anderson,70
93,Kyle Haley,62
94,Roger Smith,66
95,Robert Sanchez,62
96,Jason Smith,53
97,Heather Johnson,100
98,Sharon Sullivan,50
99,John Kirby,79
100,Nicholas Lynch,72
101,Debra Grimes,72
102,Christopher Collins,77
103,Theresa Mejia,87
104,Kimberly Burnett,91
105,Robert Conway,64
106,Mr. Eric Leonard DDS,80
107,Andrea Smith,80
108,Derek Watson,87
109,Sara Hicks,76
110,Sara Jordan,60
111,Joe Walsh,79
112,Brian Jones,63
113,Derek Pratt,87
114,Alvin Fowler,51
115,David Gibson,77
116,Nicholas Eaton,51
117,Megan Duran,96
118,Erica Wilcox,84
119,Nathan Acevedo,61
120,Jon Conway,52
121,Reginald Pineda,72
122,Aaron Snyder,61
123,Kristen Johnson,69
124,Cindy Ferguson,52
125,Sarah Garcia,58
126,Bradley Stevens,53
127,Gregory Galloway,82
128,Michael Smith,88
129,Michael Love,60
130,William Parrish,64
131,Brandon White,66
132,Jason Walsh,70
133,Natalie Lee,61
134,Robert Howell,94
135,Allison Jackson,92
136,Mr. James Gonzales,79
137,John Stevens,53
138,Jared Scott,82
139,Denise Clark,79
140,Daniel Quinn,60
141,Douglas Gordon,89
142,Paul Everett,55
143,Shirley Cruz,100
144,David Green,96
145,Tyler Friedman,73
146,Julie Zavala,67
147,Damon Leblanc,82
148,Caroline Butler,68
149,Sarah Martinez,61
150,Daniel Macias,94
151,Karen Riddle,72
152,Carrie Scott,97
153,Levi Smith,83
154,Lindsay Johnson,85
155,Taylor Douglas,68
156,Kathryn Young,62
157,Brett Ho,81
158,Steve Vaughan,81
159,Phillip Lewis,95
160,Amanda Moore,50
161,Heidi Summers,75
162,Steven Roberts,99
163,Jonathan Kaiser,56
164,Mr. Shane Juarez,94
165,Stephanie Mitchell,76
166,Jessica Andrade,87
167,Kristin Morris,100
168,Deborah Alvarez,79
169,Joshua Kramer,61
170,Sandra Mitchell,82
171,Dr. Ryan Lopez,56
172,Bryan Abbott,95
173,Gary Cline,56
174,Andrea Pratt MD,84
175,Jacob Castro,82
176,Jeffrey Smith,97
177,Shane Briggs,50
178,Brittany Robinson,80
179,Theodore Ramos,92
180,David Welch,82
181,Ernest Gonzalez,67
182,Debra Middleton,79
183,Andrea Johnson,81
184,Sean Fisher,76
185,Richard Lowe PhD,76
186,Angela Jones,65
187,Michael Garcia,55
188,April Smith,97
189,Stephanie Sanchez,58
190,Christopher Williamson,71
191,Dean Adkins,78
192,Trevor Cline,64
193,Nicole Preston,66
194,Shawn Davis,69
195,Julia Reese,92
196,Sara Leach,74
197,Danielle Fuller,78
198,Gina Cole,81
199,Jeremy Lopez,70
200,Sarah Boyd,72
201,John Smith,63
202,Randall Russell,78
203,Victor Ayala,75
204,Jennifer Chambers,63
205,Robert Grimes,73
206,Donald Pena,53
207,James Gibson,92
208,Pamela Taylor,95
209,Joshua Coleman,58
210,Todd Robbins,51
211,Jason Ford,76
212,Stephen Wilson,98
213,Jacob Cortez,91
214,Brandon Erickson,96
215,Anthony Thompson,95
216,Nancy Wilkerson,54
217,Michael Watts,59
218,Jeremy Espinoza,76
219,Kelly Rodriguez,90
220,Richard Davis,82
221,Robert Weaver,88
222,Sherri Horton,83
223,Natalie Nicholson,67
224,Mary Winters,69
225,Christopher Simon,93
226,Charlotte Johnson,99
227,Taylor Preston,69
228,Jose Haynes,65
229,Sarah Vazquez,78
230,Jennifer Johnson,72
231,Brandon Miller,59
232,Thomas Warren,80
233,Scott Prince,70
234,Jason Rojas,76
235,Jason Webb,80
236,Brandi Curry,65
237,Thomas Smith,74
238,Hannah Anderson,57
239,Eric Davis,59
240,Lauren Tate,60
241,Kayla Odom,69
242,Jonathan Moore,91
243,Caitlyn Reeves,90
244,Eric Martinez,56
245,Sheena Flores,52
246,Mark Mills,95
247,Jared Hart,70
248,Colleen Long,92
249,Sean Lane,50
250,Thomas Mathews,93
251,Justin Gutierrez,61
252,Patrick Diaz,68
253,Christian Luna,87
254,Stephanie Crawford,57
255,Rachel King,87
256,Tracie Roberts,64
257,Dr. Connie Barrett,89
258,Ashley Williams,89
259,Mark Thompson,89
260,Jesse Duncan,62
261,Perry Kidd,61
262,Travis Gilmore,92
263,Richard Cochran,96
264,Alexa Morgan,96
265,Mike Willis,58
266,Ronald King,86
267,Robert Bailey,95
268,Tonya Bailey,92
269,Cathy Boyd,52
270,Katie Raymond,53
271,Cassandra Meadows,58
272,Amy Moore,88
273,James Phillips,57
274,Joseph Singh,100
275,Phillip Briggs,75
276,Mark Stewart,52
277,Denise Powell,83
278,Lauren Dennis,82
279,Mary Flores,64
280,Charles Cannon,78
281,Emily Chavez,90
282,James Glover,81
283,Christopher Watkins,69
284,Bruce Morgan,60
285,Andrew Hernandez,99
286,Thomas Robertson,80
287,Matthew Stewart,61
288,Kelsey Hunter,98
289,John Lewis,51
290,Elizabeth Green,66
291,Mr. Keith Castillo,84
292,Sara Flores,86
293,Donna Lopez,92
294,Charles Reed,90
